CT,Boro,Turnover
000100,Bronx,80.9
000200,Bronx,4.9
000400,Bronx,9.4
000500,Bronx,0.0
001100,Bronx,36.5
001500,Bronx,0.0
001600,Bronx,8.4
001700,Bronx,3.8
002000,Bronx,10.3
002300,Bronx,12.4
002400,Bronx,0.0
002500,Bronx,14.1
002701,Bronx,9.0
002702,Bronx,13.7
002800,Bronx,8.8
003100,Bronx,0.6
003300,Bronx,7.4
003500,Bronx,12.5
003600,Bronx,8.4
003700,Bronx,0.0
003800,Bronx,11.8
003900,Bronx,13.6
004001,Bronx,13.6
004002,Bronx,0.0
004100,Bronx,6.3
004300,Bronx,7.6
004400,Bronx,14.1
004600,Bronx,2.4
004700,Bronx,7.0
004800,Bronx,24.5
004900,Bronx,43.9
005000,Bronx,16.1
005200,Bronx,9.0
005301,Bronx,0.0
005302,Bronx,11.9
005400,Bronx,19.3
005600,Bronx,12.4
005700,Bronx,3.5
005800,Bronx,0.0
005901,Bronx,11.6
005902,Bronx,6.3
006000,Bronx,19.2
006100,Bronx,11.0
006200,Bronx,12.8
006400,Bronx,11.6
006500,Bronx,4.4
006600,Bronx,11.7
006700,Bronx,8.2
006800,Bronx,19.5
006900,Bronx,13.8
007000,Bronx,29.3
007100,Bronx,13.4
007200,Bronx,8.1
007300,Bronx,11.1
007400,Bronx,5.5
007500,Bronx,7.8
007700,Bronx,7.0
007800,Bronx,18.5
007900,Bronx,16.2
008100,Bronx,0.0
008300,Bronx,16.7
008400,Bronx,6.8
008500,Bronx,20.1
008600,Bronx,4.8
008700,Bronx,13.3
008800,Bronx,2.6
008900,Bronx,16.7
009100,Bronx,0.0
009200,Bronx,9.5
009400,Bronx,14.9
009700,Bronx,0.0
009800,Bronx,9.7
009900,Bronx,9.8
010200,Bronx,0.0
010500,Bronx,69.3
011000,Bronx,17.7
011501,Bronx,0.6
011502,Bronx,17.2
011800,Bronx,8.9
011900,Bronx,13.6
012101,Bronx,7.0
012102,Bronx,17.0
012300,Bronx,8.0
012500,Bronx,7.9
012701,Bronx,17.9
012702,Bronx,12.9
012901,Bronx,16.9
012902,Bronx,8.7
013000,Bronx,4.6
013100,Bronx,15.1
013200,Bronx,16.7
013300,Bronx,1.3
013500,Bronx,8.4
013700,Bronx,11.4
013800,Bronx,1.7
013900,Bronx,3.7
014100,Bronx,20.5
014300,Bronx,6.8
014400,Bronx,6.7
014500,Bronx,8.5
014700,Bronx,4.9
014900,Bronx,3.5
015100,Bronx,13.7
015300,Bronx,8.1
015400,Bronx,0.0
015500,Bronx,1.7
015600,Bronx,15.0
015700,Bronx,12.2
015800,Bronx,10.6
016000,Bronx,5.6
016100,Bronx,3.4
016200,Bronx,3.8
016300,Bronx,81.3
016400,Bronx,10.4
016500,Bronx,4.9
016600,Bronx,5.4
016700,Bronx,23.4
016900,Bronx,27.3
017100,Bronx,0.0
017300,Bronx,7.3
017500,Bronx,10.2
017700,Bronx,7.6
017900,Bronx,8.9
018100,Bronx,11.0
018300,Bronx,9.5
018400,Bronx,2.9
018700,Bronx,0.0
018900,Bronx,15.1
019300,Bronx,8.8
019400,Bronx,26.1
019500,Bronx,5.4
019600,Bronx,1.3
019700,Bronx,12.9
019800,Bronx,13.1
019900,Bronx,15.1
020100,Bronx,18.4
020200,Bronx,9.6
020400,Bronx,4.8
020500,Bronx,11.8
020601,Bronx,15.9
020602,Bronx,27.3
020800,Bronx,7.8
021000,Bronx,8.3
021100,Bronx,14.9
021200,Bronx,7.7
021301,Bronx,8.8
021302,Bronx,10.0
021400,Bronx,39.4
021501,Bronx,4.1
021502,Bronx,16.7
021601,Bronx,16.3
021602,Bronx,13.9
021701,Bronx,24.6
021702,Bronx,13.7
021800,Bronx,10.7
021900,Bronx,15.2
022000,Bronx,2.6
022100,Bronx,9.3
022300,Bronx,14.2
022401,Bronx,8.6
022402,Bronx,11.7
022500,Bronx,19.7
022701,Bronx,12.9
022702,Bronx,11.4
022703,Bronx,19.9
022800,Bronx,8.6
022901,Bronx,12.9
022902,Bronx,11.7
023000,Bronx,14.2
023100,Bronx,11.6
023200,Bronx,4.6
023301,Bronx,13.6
023302,Bronx,15.8
023400,Bronx,27.3
023501,Bronx,12.5
023502,Bronx,12.4
023600,Bronx,13.3
023701,Bronx,22.6
023702,Bronx,7.7
023900,Bronx,12.5
024000,Bronx,12.1
024100,Bronx,11.1
024200,Bronx,0.0
024300,Bronx,9.4
024400,Bronx,6.1
024500,Bronx,10.4
024600,Bronx,6.2
024700,Bronx,12.6
024800,Bronx,13.5
024900,Bronx,0.0
025000,Bronx,10.9
025100,Bronx,19.4
025200,Bronx,13.7
025300,Bronx,14.0
025400,Bronx,9.8
025500,Bronx,11.6
025600,Bronx,8.2
025700,Bronx,10.8
025800,Bronx,0.0
026100,Bronx,23.9
026300,Bronx,14.8
026400,Bronx,9.9
026500,Bronx,6.5
026601,Bronx,10.1
026602,Bronx,15.2
026700,Bronx,10.8
026900,Bronx,18.4
027101,Bronx,13.0
027102,Bronx,0.0
027300,Bronx,7.3
027400,Bronx,7.4
027600,Bronx,0.0
027700,Bronx,14.8
027900,Bronx,14.4
028100,Bronx,5.3
028300,Bronx,12.0
028400,Bronx,32.5
028500,Bronx,10.9
028600,Bronx,13.6
028700,Bronx,7.9
028800,Bronx,1.8
028900,Bronx,14.9
029300,Bronx,13.5
029500,Bronx,11.0
029600,Bronx,20.9
029700,Bronx,7.3
030000,Bronx,8.4
030100,Bronx,11.0
030200,Bronx,5.0
030700,Bronx,9.9
031000,Bronx,6.8
031200,Bronx,7.6
031400,Bronx,8.4
031600,Bronx,6.2
031700,Bronx,19.6
031800,Bronx,11.1
031900,Bronx,0.0
032000,Bronx,8.5
032200,Bronx,14.1
032300,Bronx,6.6
032400,Bronx,11.2
032800,Bronx,9.1
032900,Bronx,12.2
033000,Bronx,7.6
033200,Bronx,19.4
033300,Bronx,9.8
033400,Bronx,0.0
033600,Bronx,3.8
033800,Bronx,14.4
033900,Bronx,13.2
034000,Bronx,16.0
034100,Bronx,22.0
034200,Bronx,7.7
034300,Bronx,11.9
034400,Bronx,10.2
034500,Bronx,8.8
034600,Bronx,7.9
035000,Bronx,7.3
035100,Bronx,17.0
035200,Bronx,18.7
035400,Bronx,0.0
035600,Bronx,5.8
035800,Bronx,6.5
035900,Bronx,3.1
036100,Bronx,3.6
036300,Bronx,5.8
036400,Bronx,6.7
036501,Bronx,8.6
036502,Bronx,11.8
036600,Bronx,14.1
036700,Bronx,24.4
036800,Bronx,14.6
036901,Bronx,23.1
036902,Bronx,13.5
037000,Bronx,6.0
037100,Bronx,10.2
037200,Bronx,14.8
037300,Bronx,12.3
037400,Bronx,12.5
037501,Bronx,0.0
037502,Bronx,6.0
037503,Bronx,27.0
037600,Bronx,4.7
037700,Bronx,12.3
037800,Bronx,3.9
037900,Bronx,20.2
038000,Bronx,11.4
038100,Bronx,13.2
038200,Bronx,10.5
038300,Bronx,13.9
038500,Bronx,17.3
038600,Bronx,14.0
038700,Bronx,16.7
038800,Bronx,11.5
038900,Bronx,24.2
039000,Bronx,15.0
039100,Bronx,20.7
039200,Bronx,18.5
039300,Bronx,12.6
039400,Bronx,6.6
039600,Bronx,15.1
039700,Bronx,32.0
039800,Bronx,8.2
039901,Bronx,15.9
039902,Bronx,16.2
040100,Bronx,9.9
040301,Bronx,11.0
040302,Bronx,9.8
040400,Bronx,5.4
040500,Bronx,17.2
040600,Bronx,7.2
040701,Bronx,24.7
040702,Bronx,10.6
040800,Bronx,6.5
040900,Bronx,3.1
041000,Bronx,0.0
041100,Bronx,13.6
041300,Bronx,14.1
041400,Bronx,8.1
041500,Bronx,13.2
041800,Bronx,6.8
041900,Bronx,4.7
042000,Bronx,15.3
042100,Bronx,18.4
042200,Bronx,15.1
042300,Bronx,14.9
042400,Bronx,16.2
042500,Bronx,7.7
042600,Bronx,7.0
042800,Bronx,1.4
042901,Bronx,17.0
042902,Bronx,12.8
043000,Bronx,3.9
043100,Bronx,10.8
043200,Bronx,10.0
043500,Bronx,0.0
043600,Bronx,14.6
043800,Bronx,5.6
044000,Bronx,9.8
044200,Bronx,12.6
044600,Bronx,0.0
044800,Bronx,7.3
044901,Bronx,6.7
044902,Bronx,10.9
045101,Bronx,19.8
045102,Bronx,3.6
045400,Bronx,5.2
045800,Bronx,3.5
046000,Bronx,9.9
046201,Bronx,5.3
046202,Bronx,7.5
048400,Bronx,8.6
050200,Bronx,3.0
050400,Bronx,0.0
051600,Bronx,12.4
000100,Kings,10.6
000200,Kings,13.7
000301,Kings,14.5
000302,Kings,12.6
000500,Kings,15.6
000700,Kings,25.0
000900,Kings,24.0
001100,Kings,14.9
001300,Kings,21.0
001800,Kings,43.6
002000,Kings,4.2
002100,Kings,26.5
002200,Kings,24.3
002300,Kings,9.7
002500,Kings,5.2
002700,Kings,23.0
002901,Kings,11.2
002902,Kings,4.0
003000,Kings,10.2
003100,Kings,25.6
003200,Kings,0.0
003300,Kings,16.8
003400,Kings,8.8
003500,Kings,7.0
003600,Kings,6.3
003700,Kings,0.0
003800,Kings,7.5
003900,Kings,15.3
004000,Kings,5.8
004100,Kings,10.8
004200,Kings,6.7
004300,Kings,23.2
004500,Kings,12.8
004600,Kings,5.3
004700,Kings,8.1
004900,Kings,24.8
005000,Kings,7.8
005100,Kings,17.8
005201,Kings,10.2
005202,Kings,3.9
005400,Kings,12.9
005500,Kings,40.6
005601,Kings,13.3
005602,Kings,8.2
005700,Kings,16.8
005800,Kings,12.8
005900,Kings,4.5
006000,Kings,18.9
006200,Kings,12.9
006300,Kings,19.0
006400,Kings,6.1
006500,Kings,18.1
006600,Kings,9.7
006700,Kings,17.5
006800,Kings,11.7
006900,Kings,21.0
007000,Kings,11.6
007100,Kings,3.1
007200,Kings,11.4
007400,Kings,16.1
007500,Kings,7.1
007600,Kings,4.7
007700,Kings,15.0
007800,Kings,8.1
008000,Kings,9.5
008200,Kings,7.6
008400,Kings,6.1
008500,Kings,7.7
008600,Kings,0.0
008800,Kings,13.4
009000,Kings,8.0
009200,Kings,13.4
009400,Kings,11.9
009600,Kings,5.6
009800,Kings,16.7
010000,Kings,11.7
010100,Kings,13.7
010200,Kings,9.0
010400,Kings,15.4
010600,Kings,13.2
010800,Kings,13.4
011000,Kings,25.6
011200,Kings,9.7
011400,Kings,14.5
011600,Kings,6.9
011700,Kings,15.8
011800,Kings,11.0
012000,Kings,3.7
012100,Kings,10.8
012200,Kings,7.8
012300,Kings,10.4
012400,Kings,11.5
012500,Kings,10.8
012700,Kings,10.4
012801,Kings,7.8
012802,Kings,0.0
012901,Kings,21.3
012902,Kings,19.9
013000,Kings,7.3
013100,Kings,14.7
013200,Kings,11.8
013300,Kings,14.4
013400,Kings,4.7
013500,Kings,15.3
013600,Kings,7.0
013700,Kings,12.5
013800,Kings,13.6
013900,Kings,13.2
014000,Kings,4.6
014100,Kings,22.8
014200,Kings,8.0
014300,Kings,12.9
014400,Kings,1.2
014500,Kings,10.0
014600,Kings,12.5
014700,Kings,14.5
014800,Kings,5.7
014900,Kings,19.1
015000,Kings,1.9
015100,Kings,12.1
015300,Kings,22.5
015400,Kings,0.0
015500,Kings,11.4
015600,Kings,4.4
015700,Kings,12.2
015800,Kings,7.3
015900,Kings,15.8
016000,Kings,7.3
016100,Kings,21.3
016200,Kings,11.1
016300,Kings,21.0
016400,Kings,49.7
016500,Kings,13.3
016700,Kings,11.1
016800,Kings,7.2
016900,Kings,10.9
017000,Kings,6.1
017100,Kings,8.5
017200,Kings,8.5
017300,Kings,8.5
017400,Kings,4.6
017500,Kings,0.0
017600,Kings,3.9
017700,Kings,0.0
017800,Kings,13.8
017900,Kings,17.9
018000,Kings,6.1
018100,Kings,14.7
018200,Kings,16.8
018300,Kings,23.0
018400,Kings,0.8
018501,Kings,5.7
018502,Kings,3.3
018600,Kings,6.7
018700,Kings,4.2
018800,Kings,0.4
018900,Kings,24.0
019000,Kings,8.7
019100,Kings,5.7
019200,Kings,4.9
019300,Kings,19.3
019400,Kings,14.0
019500,Kings,7.1
019600,Kings,17.1
019700,Kings,10.8
019800,Kings,1.2
019900,Kings,13.4
020000,Kings,11.3
020100,Kings,13.7
020200,Kings,3.7
020300,Kings,27.9
020400,Kings,0.0
020500,Kings,19.5
020600,Kings,1.9
020700,Kings,11.6
020800,Kings,1.5
021000,Kings,10.5
021200,Kings,8.0
021300,Kings,11.1
021400,Kings,8.2
021500,Kings,12.2
021600,Kings,11.2
021700,Kings,15.5
021800,Kings,5.0
021900,Kings,8.0
022000,Kings,7.1
022100,Kings,18.9
022200,Kings,4.5
022300,Kings,26.3
022400,Kings,7.9
022500,Kings,8.4
022600,Kings,5.6
022700,Kings,19.7
022800,Kings,2.0
022900,Kings,20.9
023000,Kings,2.8
023100,Kings,7.7
023200,Kings,2.4
023300,Kings,11.7
023400,Kings,10.9
023500,Kings,14.0
023600,Kings,4.9
023700,Kings,4.1
023800,Kings,10.3
023900,Kings,3.2
024000,Kings,3.1
024100,Kings,16.4
024200,Kings,3.4
024300,Kings,7.1
024400,Kings,6.8
024500,Kings,8.9
024600,Kings,6.2
024700,Kings,12.4
024800,Kings,5.1
024900,Kings,10.2
025000,Kings,1.5
025100,Kings,7.5
025200,Kings,3.7
025300,Kings,6.9
025400,Kings,15.5
025500,Kings,5.4
025600,Kings,2.4
025700,Kings,3.3
025800,Kings,7.4
025901,Kings,12.6
025902,Kings,1.4
026000,Kings,8.1
026100,Kings,8.5
026200,Kings,6.5
026300,Kings,7.6
026400,Kings,15.1
026500,Kings,17.6
026600,Kings,2.3
026700,Kings,17.3
026800,Kings,11.8
026900,Kings,7.8
027000,Kings,0.6
027101,Kings,16.0
027102,Kings,19.9
027200,Kings,20.2
027300,Kings,8.8
027400,Kings,4.0
027500,Kings,13.4
027600,Kings,22.5
027700,Kings,7.4
027800,Kings,5.3
027900,Kings,10.4
028000,Kings,8.2
028100,Kings,6.3
028200,Kings,6.3
028300,Kings,12.0
028400,Kings,9.3
028501,Kings,37.9
028502,Kings,5.5
028600,Kings,9.8
028700,Kings,21.1
028800,Kings,3.9
028900,Kings,4.8
029000,Kings,9.9
029100,Kings,14.2
029200,Kings,6.0
029300,Kings,14.0
029400,Kings,22.4
029500,Kings,5.3
029600,Kings,12.6
029700,Kings,6.4
029800,Kings,14.5
029900,Kings,12.5
030000,Kings,6.7
030100,Kings,7.1
030200,Kings,4.4
030300,Kings,12.4
030400,Kings,9.6
030600,Kings,1.7
030700,Kings,6.2
030800,Kings,2.3
030900,Kings,13.1
031100,Kings,15.7
031300,Kings,5.4
031400,Kings,3.9
031500,Kings,9.2
031701,Kings,12.0
031702,Kings,16.5
031900,Kings,7.6
032000,Kings,0.0
032100,Kings,9.9
032300,Kings,9.8
032500,Kings,7.1
032600,Kings,5.6
032700,Kings,10.8
032800,Kings,2.5
032900,Kings,6.5
033000,Kings,6.2
033100,Kings,7.3
033300,Kings,5.2
033500,Kings,6.5
033600,Kings,11.0
033700,Kings,6.9
033900,Kings,11.5
034000,Kings,5.5
034100,Kings,8.1
034200,Kings,8.5
034300,Kings,8.0
034500,Kings,17.0
034700,Kings,3.3
034801,Kings,10.4
034802,Kings,6.2
034900,Kings,10.5
035000,Kings,4.6
035100,Kings,10.3
035200,Kings,8.9
035300,Kings,7.3
035400,Kings,7.0
035500,Kings,5.4
035600,Kings,6.0
035700,Kings,2.4
035900,Kings,18.5
036001,Kings,3.5
036002,Kings,9.2
036100,Kings,11.4
036200,Kings,12.4
036300,Kings,6.5
036400,Kings,7.0
036501,Kings,9.4
036502,Kings,6.7
036600,Kings,18.1
036700,Kings,21.5
036900,Kings,12.5
037000,Kings,2.7
037100,Kings,9.3
037300,Kings,12.4
037400,Kings,5.1
037500,Kings,16.6
037700,Kings,9.9
037900,Kings,10.2
038100,Kings,3.4
038200,Kings,3.8
038300,Kings,5.9
038500,Kings,7.8
038600,Kings,5.8
038700,Kings,8.2
038800,Kings,4.3
038900,Kings,16.6
039000,Kings,0.2
039100,Kings,8.5
039200,Kings,7.3
039300,Kings,18.6
039400,Kings,3.6
039500,Kings,17.7
039600,Kings,4.3
039700,Kings,18.8
039800,Kings,10.8
039900,Kings,14.0
040000,Kings,18.8
040100,Kings,19.1
040200,Kings,7.5
040300,Kings,13.8
040400,Kings,4.0
040500,Kings,17.7
040600,Kings,8.8
040700,Kings,0.0
040800,Kings,10.7
040900,Kings,21.1
041000,Kings,6.4
041100,Kings,13.2
041200,Kings,10.7
041300,Kings,4.2
041401,Kings,11.6
041402,Kings,8.2
041500,Kings,13.1
041600,Kings,4.7
041700,Kings,5.6
041800,Kings,10.8
041900,Kings,8.0
042000,Kings,1.7
042100,Kings,14.9
042200,Kings,7.4
042300,Kings,19.9
042400,Kings,4.7
042500,Kings,17.8
042600,Kings,1.4
042700,Kings,10.7
042800,Kings,5.4
042900,Kings,13.6
043000,Kings,8.0
043100,Kings,14.6
043200,Kings,6.3
043300,Kings,5.2
043400,Kings,10.6
043500,Kings,14.7
043600,Kings,6.2
043700,Kings,14.1
043800,Kings,8.1
043900,Kings,7.9
044000,Kings,4.5
044100,Kings,24.5
044200,Kings,1.4
044300,Kings,19.0
044400,Kings,5.1
044500,Kings,9.5
044600,Kings,1.1
044700,Kings,9.7
044800,Kings,6.2
045000,Kings,4.9
045200,Kings,2.9
045300,Kings,12.7
045400,Kings,3.7
045500,Kings,0.0
045600,Kings,5.0
045800,Kings,1.5
046001,Kings,7.6
046002,Kings,4.4
046201,Kings,12.2
046202,Kings,0.0
046400,Kings,4.4
046500,Kings,4.2
046800,Kings,0.1
047000,Kings,9.2
047200,Kings,1.9
047300,Kings,1.8
047400,Kings,7.5
047600,Kings,14.1
047700,Kings,11.5
047800,Kings,5.8
048000,Kings,8.8
048100,Kings,13.9
048200,Kings,4.2
048300,Kings,27.8
048400,Kings,9.6
048600,Kings,6.8
048700,Kings,20.4
048800,Kings,11.5
048900,Kings,8.8
049000,Kings,4.5
049100,Kings,5.0
049200,Kings,7.1
049300,Kings,8.7
049400,Kings,16.3
049500,Kings,16.8
049600,Kings,4.7
049700,Kings,12.5
049800,Kings,12.1
049900,Kings,25.9
050000,Kings,5.8
050100,Kings,7.3
050201,Kings,4.6
050202,Kings,7.6
050300,Kings,15.4
050400,Kings,9.0
050500,Kings,9.4
050600,Kings,9.8
050700,Kings,1.7
050800,Kings,8.2
050900,Kings,3.2
051000,Kings,6.3
051100,Kings,7.2
051200,Kings,8.3
051300,Kings,17.9
051400,Kings,9.2
051500,Kings,14.4
051600,Kings,9.2
051700,Kings,12.4
051800,Kings,5.9
051900,Kings,10.4
052000,Kings,9.3
052200,Kings,0.0
052300,Kings,15.0
052400,Kings,8.2
052500,Kings,4.3
052600,Kings,11.0
052700,Kings,7.0
052800,Kings,3.0
052900,Kings,1.6
053000,Kings,8.1
053100,Kings,8.9
053200,Kings,2.8
053300,Kings,2.0
053400,Kings,7.3
053500,Kings,0.2
053600,Kings,7.6
053700,Kings,1.1
053800,Kings,9.8
053900,Kings,1.8
054000,Kings,6.1
054200,Kings,2.3
054300,Kings,0.0
054400,Kings,7.3
054500,Kings,1.9
054600,Kings,2.4
054700,Kings,0.9
054800,Kings,5.3
054900,Kings,13.6
055000,Kings,4.8
055100,Kings,7.9
055200,Kings,6.2
055300,Kings,12.6
055400,Kings,9.8
055500,Kings,7.2
055600,Kings,15.8
055700,Kings,27.9
055800,Kings,4.5
055900,Kings,12.0
056000,Kings,3.0
056200,Kings,1.2
056300,Kings,14.1
056400,Kings,13.4
056500,Kings,12.2
056600,Kings,4.9
056700,Kings,5.2
056800,Kings,11.2
056900,Kings,23.8
057000,Kings,7.2
057100,Kings,6.3
057200,Kings,2.5
057300,Kings,7.5
057400,Kings,3.6
057500,Kings,14.6
057600,Kings,2.2
057700,Kings,8.5
057800,Kings,6.1
057900,Kings,12.0
058000,Kings,6.0
058200,Kings,10.1
058400,Kings,6.5
058600,Kings,7.3
058800,Kings,7.8
058900,Kings,14.5
059000,Kings,6.6
059100,Kings,17.7
059200,Kings,1.2
059300,Kings,7.5
059401,Kings,4.5
059402,Kings,9.4
059600,Kings,2.4
059800,Kings,8.7
060000,Kings,9.0
060600,Kings,4.6
060800,Kings,5.0
061001,Kings,10.2
061002,Kings,10.0
061200,Kings,15.9
061400,Kings,4.1
061600,Kings,7.8
061800,Kings,1.7
062200,Kings,5.4
062600,Kings,6.2
062800,Kings,4.3
063200,Kings,12.4
063600,Kings,0.0
063800,Kings,2.0
064000,Kings,0.0
064200,Kings,3.7
064400,Kings,9.7
064600,Kings,6.1
064800,Kings,11.6
065000,Kings,9.6
065200,Kings,8.2
065400,Kings,3.2
065600,Kings,3.0
065800,Kings,0.5
066000,Kings,2.2
066200,Kings,3.7
066600,Kings,0.0
067000,Kings,4.0
067200,Kings,12.1
067400,Kings,1.2
067600,Kings,6.6
067800,Kings,7.8
068000,Kings,1.4
068200,Kings,7.0
068600,Kings,3.0
068800,Kings,5.3
069000,Kings,2.1
069200,Kings,4.6
069600,Kings,4.5
069800,Kings,17.4
070000,Kings,3.7
070201,Kings,8.0
070202,Kings,0.0
070203,Kings,0.0
070600,Kings,2.0
072000,Kings,9.6
072200,Kings,2.7
072400,Kings,0.5
072600,Kings,0.5
072800,Kings,2.8
073000,Kings,5.5
073200,Kings,1.3
073400,Kings,3.0
073600,Kings,7.6
073800,Kings,10.6
074000,Kings,6.1
074200,Kings,3.0
074400,Kings,3.2
074600,Kings,4.8
074800,Kings,13.0
075000,Kings,1.8
075200,Kings,10.2
075400,Kings,1.3
075600,Kings,2.2
075800,Kings,6.5
076000,Kings,1.6
076200,Kings,6.2
076400,Kings,8.9
076600,Kings,2.5
077000,Kings,9.4
077200,Kings,3.2
077400,Kings,5.3
077600,Kings,9.1
078000,Kings,6.5
078200,Kings,8.6
078400,Kings,1.4
078600,Kings,9.7
078800,Kings,6.1
079000,Kings,9.9
079200,Kings,9.1
079400,Kings,6.1
079600,Kings,10.9
079800,Kings,9.7
080000,Kings,12.4
080200,Kings,9.2
080400,Kings,17.4
080600,Kings,9.9
081000,Kings,12.9
081200,Kings,30.2
081400,Kings,6.4
081600,Kings,5.0
081800,Kings,7.5
082000,Kings,6.9
082200,Kings,10.8
082400,Kings,7.6
082600,Kings,9.8
082800,Kings,7.9
083000,Kings,20.8
083200,Kings,9.4
083400,Kings,1.6
083600,Kings,11.5
083800,Kings,8.9
084000,Kings,1.9
084200,Kings,0.0
084400,Kings,8.8
084600,Kings,5.4
084800,Kings,4.1
085000,Kings,0.0
085200,Kings,0.0
085400,Kings,8.2
085600,Kings,4.5
085800,Kings,3.4
086000,Kings,7.0
086200,Kings,5.1
086400,Kings,4.4
086600,Kings,4.7
086800,Kings,12.5
087000,Kings,4.4
087200,Kings,8.1
087401,Kings,7.5
087402,Kings,0.0
087600,Kings,2.5
087800,Kings,9.7
088000,Kings,6.9
088200,Kings,3.9
088400,Kings,6.8
088600,Kings,3.2
088800,Kings,8.1
089000,Kings,10.6
089200,Kings,11.3
089400,Kings,22.3
089600,Kings,5.9
089800,Kings,6.2
090000,Kings,9.9
090200,Kings,22.2
090400,Kings,1.6
090600,Kings,10.6
090800,Kings,3.6
091000,Kings,5.0
091200,Kings,4.7
091400,Kings,2.7
091600,Kings,12.1
091800,Kings,5.8
092000,Kings,7.8
092200,Kings,7.5
092800,Kings,4.5
093000,Kings,6.6
093400,Kings,3.4
093600,Kings,4.0
093800,Kings,7.0
094000,Kings,2.1
094200,Kings,0.0
094401,Kings,6.0
094402,Kings,2.3
095000,Kings,2.5
095400,Kings,6.2
095600,Kings,8.2
095800,Kings,8.8
096000,Kings,0.0
096200,Kings,4.6
096400,Kings,6.4
096600,Kings,14.8
096800,Kings,2.5
097000,Kings,3.3
097400,Kings,20.9
098200,Kings,3.3
098400,Kings,2.3
098600,Kings,3.0
098800,Kings,9.2
099000,Kings,2.7
099200,Kings,1.2
099400,Kings,10.9
099600,Kings,3.0
099800,Kings,7.8
100400,Kings,0.4
100600,Kings,3.5
100800,Kings,8.9
101000,Kings,9.5
101200,Kings,4.4
101400,Kings,9.3
101600,Kings,4.0
101800,Kings,7.3
102000,Kings,2.5
102200,Kings,8.9
102400,Kings,3.5
102600,Kings,4.3
102800,Kings,8.4
103400,Kings,4.0
105800,Kings,2.5
107000,Kings,9.3
107800,Kings,4.7
109800,Kings,22.4
110000,Kings,12.5
110200,Kings,10.7
110600,Kings,3.6
111000,Kings,3.2
111200,Kings,5.2
111400,Kings,12.2
111800,Kings,10.2
112000,Kings,8.2
112200,Kings,12.0
112400,Kings,11.9
112600,Kings,7.2
112800,Kings,9.6
113000,Kings,12.6
113200,Kings,5.1
113400,Kings,23.2
113600,Kings,0.0
113800,Kings,11.9
114000,Kings,0.8
114201,Kings,18.8
114202,Kings,13.1
114600,Kings,8.3
114800,Kings,30.4
115000,Kings,14.4
115200,Kings,5.0
115400,Kings,10.9
115600,Kings,9.8
115800,Kings,5.8
116000,Kings,8.9
116200,Kings,5.8
116400,Kings,17.6
116600,Kings,9.9
116800,Kings,4.3
117000,Kings,16.9
117201,Kings,1.3
117202,Kings,5.9
117400,Kings,9.4
117601,Kings,13.6
117602,Kings,14.8
117800,Kings,15.5
118000,Kings,0.0
118201,Kings,26.7
118202,Kings,4.4
118400,Kings,12.1
118600,Kings,10.2
118800,Kings,12.0
119000,Kings,13.1
119200,Kings,14.0
119400,Kings,9.2
119600,Kings,6.7
120000,Kings,13.9
120200,Kings,9.8
120800,Kings,10.1
121000,Kings,7.5
121400,Kings,4.1
122000,Kings,8.0
300100,Nassau,11.4
300300,Nassau,8.2
300400,Nassau,6.9
300500,Nassau,9.3
300600,Nassau,3.6
300700,Nassau,11.4
300800,Nassau,2.2
300900,Nassau,8.3
301000,Nassau,6.5
301101,Nassau,15.8
301102,Nassau,6.3
301200,Nassau,10.6
301300,Nassau,16.4
301400,Nassau,6.6
301500,Nassau,6.4
301600,Nassau,3.6
301700,Nassau,6.6
301800,Nassau,10.3
301900,Nassau,10.3
302000,Nassau,10.7
302101,Nassau,4.5
302102,Nassau,1.2
302200,Nassau,10.7
302300,Nassau,6.5
302400,Nassau,9.7
302501,Nassau,5.3
302502,Nassau,6.3
302600,Nassau,6.3
302700,Nassau,4.6
302800,Nassau,6.1
302900,Nassau,4.2
303000,Nassau,4.8
303101,Nassau,7.5
303102,Nassau,2.8
303201,Nassau,4.6
303202,Nassau,2.9
303301,Nassau,7.3
303302,Nassau,4.3
303400,Nassau,5.3
303500,Nassau,4.5
303600,Nassau,7.2
303700,Nassau,11.3
303800,Nassau,5.1
303900,Nassau,4.5
304001,Nassau,3.0
304002,Nassau,15.9
304100,Nassau,10.3
304201,Nassau,14.3
304202,Nassau,12.8
404300,Nassau,3.0
404400,Nassau,7.5
404500,Nassau,6.8
404600,Nassau,4.3
404700,Nassau,3.3
404800,Nassau,6.5
404901,Nassau,6.4
404902,Nassau,2.5
405000,Nassau,9.5
405100,Nassau,6.7
405200,Nassau,13.3
405301,Nassau,4.2
405302,Nassau,5.2
405400,Nassau,15.5
405500,Nassau,5.2
405600,Nassau,3.3
405700,Nassau,1.9
405800,Nassau,5.2
405900,Nassau,4.3
406001,Nassau,5.6
406002,Nassau,3.9
406100,Nassau,5.0
406201,Nassau,6.5
406202,Nassau,10.2
406300,Nassau,5.0
406400,Nassau,9.2
406501,Nassau,7.7
406502,Nassau,28.4
406600,Nassau,2.9
406700,Nassau,11.9
406800,Nassau,16.5
406900,Nassau,16.5
407000,Nassau,21.2
407101,Nassau,6.6
407102,Nassau,15.7
407201,Nassau,21.5
407202,Nassau,11.3
407301,Nassau,32.7
407302,Nassau,9.0
407401,Nassau,6.7
407402,Nassau,10.1
407501,Nassau,14.2
407502,Nassau,6.9
407600,Nassau,5.0
407700,Nassau,4.1
407801,Nassau,1.6
407802,Nassau,59.4
407900,Nassau,4.9
408000,Nassau,11.3
408100,Nassau,6.1
408200,Nassau,3.2
408300,Nassau,8.0
408400,Nassau,6.5
408500,Nassau,5.1
408600,Nassau,3.1
408700,Nassau,6.4
408800,Nassau,6.2
408900,Nassau,3.1
409000,Nassau,6.1
409100,Nassau,5.8
409200,Nassau,7.8
409300,Nassau,6.5
409400,Nassau,2.2
409500,Nassau,3.4
409600,Nassau,3.1
409700,Nassau,4.8
409800,Nassau,4.1
409900,Nassau,4.7
410000,Nassau,1.7
410100,Nassau,4.0
410200,Nassau,2.8
410300,Nassau,2.7
410400,Nassau,9.6
410500,Nassau,7.8
410600,Nassau,8.4
410700,Nassau,8.7
410800,Nassau,1.4
410900,Nassau,12.1
411000,Nassau,9.2
411100,Nassau,8.2
411200,Nassau,7.6
411301,Nassau,3.0
411302,Nassau,1.3
411400,Nassau,10.4
411500,Nassau,1.8
411600,Nassau,1.7
411700,Nassau,3.5
411800,Nassau,4.6
411901,Nassau,6.4
411902,Nassau,9.5
412000,Nassau,9.2
412100,Nassau,5.4
412200,Nassau,3.9
412301,Nassau,9.9
412302,Nassau,6.2
412400,Nassau,7.2
412500,Nassau,6.6
412600,Nassau,4.9
412700,Nassau,4.6
412800,Nassau,5.7
412900,Nassau,13.4
413001,Nassau,10.1
413002,Nassau,2.5
413100,Nassau,5.8
413200,Nassau,3.2
413300,Nassau,8.7
413400,Nassau,5.4
413500,Nassau,6.9
413600,Nassau,8.4
413700,Nassau,5.8
413803,Nassau,2.5
413804,Nassau,12.5
413900,Nassau,15.4
414001,Nassau,18.8
414002,Nassau,8.1
414100,Nassau,20.1
414201,Nassau,20.0
414202,Nassau,14.9
414301,Nassau,17.7
414302,Nassau,10.9
414400,Nassau,20.8
414501,Nassau,11.8
414502,Nassau,3.1
414600,Nassau,3.5
414700,Nassau,3.1
414800,Nassau,5.1
414900,Nassau,3.9
415000,Nassau,4.5
415101,Nassau,2.8
415102,Nassau,5.1
415201,Nassau,3.1
415202,Nassau,1.3
415300,Nassau,8.0
415401,Nassau,3.6
415402,Nassau,3.6
415500,Nassau,1.3
415600,Nassau,1.5
415700,Nassau,4.9
415801,Nassau,4.5
415802,Nassau,0.0
415900,Nassau,6.4
416000,Nassau,5.7
416100,Nassau,3.7
416201,Nassau,6.4
416202,Nassau,9.0
416300,Nassau,3.9
416400,Nassau,9.0
416500,Nassau,14.8
416600,Nassau,7.9
416701,Nassau,8.9
416702,Nassau,15.0
416800,Nassau,13.1
416900,Nassau,6.1
517000,Nassau,8.2
517101,Nassau,6.3
517102,Nassau,2.6
517200,Nassau,10.0
517301,Nassau,8.9
517302,Nassau,10.1
517400,Nassau,8.5
517500,Nassau,3.2
517600,Nassau,2.4
517701,Nassau,7.8
517704,Nassau,27.3
517705,Nassau,5.4
517706,Nassau,43.3
517801,Nassau,3.9
517802,Nassau,6.7
517901,Nassau,7.1
517902,Nassau,5.6
518000,Nassau,10.8
518100,Nassau,7.5
518201,Nassau,3.7
518203,Nassau,15.8
518204,Nassau,5.1
518300,Nassau,5.7
518400,Nassau,5.0
518501,Nassau,7.0
518502,Nassau,9.0
518600,Nassau,2.7
518700,Nassau,7.7
518800,Nassau,3.6
518900,Nassau,3.9
519000,Nassau,10.3
519100,Nassau,8.3
519200,Nassau,2.1
519300,Nassau,8.0
519400,Nassau,11.6
519500,Nassau,3.9
519601,Nassau,8.9
519602,Nassau,8.0
519702,Nassau,4.2
519703,Nassau,5.9
519704,Nassau,5.2
519801,Nassau,5.4
519802,Nassau,3.9
519900,Nassau,6.4
520001,Nassau,3.6
520002,Nassau,8.6
520100,Nassau,4.2
520200,Nassau,5.0
520300,Nassau,6.3
520401,Nassau,9.4
520402,Nassau,6.4
520501,Nassau,4.5
520502,Nassau,4.3
520600,Nassau,3.9
520700,Nassau,3.1
520800,Nassau,3.0
520900,Nassau,1.5
521000,Nassau,4.2
521100,Nassau,3.8
521200,Nassau,5.0
521301,Nassau,12.4
521302,Nassau,1.5
521400,Nassau,7.5
521500,Nassau,2.8
521601,Nassau,4.0
521602,Nassau,7.7
521700,Nassau,6.6
521801,Nassau,3.5
521802,Nassau,7.5
521900,Nassau,3.7
522000,Nassau,8.9
522100,Nassau,0.0
522200,Nassau,0.0
522300,Nassau,0.0
522400,Nassau,0.0
000100,New York,0.0
000201,New York,4.9
000202,New York,8.7
000500,New York,0.0
000600,New York,5.7
000700,New York,31.4
000800,New York,8.5
000900,New York,28.3
001001,New York,2.7
001002,New York,7.5
001200,New York,11.3
001300,New York,40.9
001401,New York,6.6
001402,New York,6.8
001501,New York,24.2
001502,New York,35.8
001600,New York,9.1
001800,New York,10.0
002000,New York,11.6
002100,New York,15.9
002201,New York,6.5
002202,New York,31.1
002400,New York,5.2
002500,New York,1.1
002601,New York,22.2
002602,New York,23.1
002700,New York,16.1
002800,New York,10.0
002900,New York,17.6
003001,New York,15.4
003002,New York,10.6
003100,New York,56.2
003200,New York,19.7
003300,New York,23.6
003400,New York,21.5
003601,New York,10.9
003602,New York,20.9
003800,New York,26.4
003900,New York,10.5
004000,New York,28.3
004100,New York,20.8
004200,New York,42.9
004300,New York,18.3
004401,New York,13.2
004402,New York,23.8
004500,New York,10.4
004700,New York,23.4
004800,New York,13.2
004900,New York,22.9
005000,New York,17.6
005100,New York,22.7
005200,New York,40.3
005300,New York,17.6
005400,New York,13.3
005501,New York,15.0
005502,New York,18.2
005600,New York,24.9
005700,New York,11.8
005800,New York,28.1
005900,New York,17.0
006000,New York,12.9
006100,New York,42.9
006200,New York,49.3
006300,New York,8.6
006400,New York,16.6
006500,New York,37.1
006600,New York,21.7
006700,New York,24.5
006800,New York,21.9
006900,New York,30.5
007000,New York,25.4
007100,New York,17.0
007200,New York,21.4
007300,New York,19.8
007400,New York,23.8
007500,New York,9.6
007600,New York,22.3
007700,New York,12.0
007800,New York,15.3
007900,New York,10.1
008000,New York,12.8
008100,New York,17.4
008200,New York,14.8
008300,New York,15.5
008400,New York,16.1
008600,New York,16.7
008700,New York,14.9
008800,New York,15.5
008900,New York,16.7
009000,New York,23.9
009100,New York,23.7
009200,New York,18.9
009300,New York,6.3
009400,New York,0.0
009500,New York,43.8
009600,New York,44.9
009700,New York,11.4
009800,New York,16.4
009900,New York,25.7
010000,New York,17.5
010100,New York,19.2
010200,New York,7.5
010300,New York,29.2
010400,New York,13.5
010601,New York,7.2
010602,New York,20.2
010800,New York,13.6
010900,New York,0.0
011000,New York,22.2
011100,New York,19.3
011201,New York,9.5
011202,New York,0.0
011203,New York,15.3
011300,New York,73.8
011401,New York,14.7
011402,New York,9.2
011500,New York,54.1
011600,New York,22.2
011700,New York,10.5
011800,New York,20.6
011900,New York,13.7
012000,New York,9.7
012100,New York,18.9
012200,New York,7.5
012400,New York,17.8
012500,New York,32.4
012600,New York,9.9
012700,New York,22.6
012800,New York,7.1
012900,New York,23.2
013000,New York,5.0
013100,New York,23.1
013200,New York,20.4
013300,New York,20.6
013400,New York,15.3
013500,New York,18.5
013600,New York,14.1
013700,New York,15.1
013800,New York,17.2
013900,New York,20.0
014000,New York,7.5
014200,New York,6.2
014300,New York,0.0
014401,New York,10.0
014402,New York,15.1
014500,New York,21.2
014601,New York,21.0
014602,New York,16.3
014700,New York,27.0
014801,New York,7.1
014802,New York,9.5
014900,New York,14.0
015001,New York,8.2
015002,New York,8.6
015100,New York,20.0
015200,New York,16.2
015300,New York,16.7
015400,New York,16.6
015500,New York,5.1
015601,New York,24.5
015602,New York,24.1
015700,New York,14.7
015801,New York,13.3
015802,New York,19.4
015900,New York,13.0
016001,New York,6.1
016002,New York,14.7
016100,New York,11.4
016200,New York,10.6
016300,New York,18.6
016400,New York,6.8
016500,New York,13.9
016600,New York,13.0
016700,New York,14.6
016800,New York,6.6
016900,New York,10.4
017000,New York,18.8
017100,New York,12.3
017201,New York,12.7
017202,New York,10.6
017300,New York,16.4
017401,New York,16.8
017402,New York,11.8
017500,New York,16.9
017700,New York,7.3
017800,New York,16.8
017900,New York,10.5
018000,New York,8.2
018100,New York,8.8
018200,New York,10.2
018300,New York,18.3
018400,New York,11.0
018500,New York,14.1
018600,New York,9.5
018700,New York,14.1
018800,New York,12.1
018900,New York,11.2
019000,New York,7.3
019100,New York,17.9
019200,New York,8.8
019300,New York,16.9
019400,New York,11.5
019500,New York,13.8
019600,New York,15.0
019701,New York,100.0
019702,New York,7.1
019800,New York,11.5
019900,New York,22.4
020000,New York,12.0
020101,New York,33.5
020102,New York,13.5
020200,New York,2.2
020300,New York,48.6
020400,New York,5.1
020500,New York,33.6
020600,New York,15.2
020701,New York,35.0
020702,New York,6.8
020800,New York,19.3
020901,New York,8.3
020902,New York,0.0
021000,New York,7.5
021100,New York,10.9
021200,New York,19.7
021301,New York,16.8
021302,New York,15.2
021400,New York,15.1
021600,New York,11.8
021701,New York,15.8
021702,New York,0.8
021800,New York,11.4
021900,New York,3.9
022000,New York,9.0
022101,New York,6.7
022102,New York,16.7
022200,New York,12.1
022301,New York,6.2
022302,New York,6.7
022400,New York,9.1
022500,New York,12.7
022600,New York,12.0
022701,New York,8.9
022702,New York,1.5
022800,New York,16.1
022900,New York,9.9
023000,New York,9.7
023101,New York,12.3
023102,New York,15.6
023200,New York,14.3
023300,New York,13.3
023400,New York,13.5
023501,New York,13.1
023502,New York,3.9
023600,New York,4.8
023700,New York,16.0
023800,New York,24.7
023900,New York,16.0
024000,New York,66.3
024100,New York,13.4
024301,New York,17.9
024302,New York,6.4
024500,New York,13.0
024700,New York,6.7
024900,New York,21.0
025100,New York,17.0
025300,New York,11.8
025500,New York,24.6
026100,New York,5.7
026300,New York,13.9
026500,New York,14.0
026700,New York,31.1
026900,New York,12.9
027100,New York,9.2
027300,New York,14.0
027500,New York,14.1
027700,New York,14.6
027900,New York,13.1
028100,New York,6.8
028300,New York,12.5
028500,New York,7.2
028700,New York,12.1
028900,New York,8.3
029100,New York,10.9
029300,New York,8.8
029500,New York,14.9
029700,New York,0.0
030100,New York,0.0
030300,New York,17.5
030700,New York,11.0
030900,New York,7.8
031100,New York,0.0
031300,New York,0.0
031500,New York,11.3
031701,New York,24.3
031702,New York,0.0
031900,New York,18.2
000100,Queens,31.2
000200,Queens,3.2
000400,Queens,15.1
000600,Queens,27.9
000700,Queens,8.2
000800,Queens,22.4
001000,Queens,6.3
001200,Queens,5.8
001400,Queens,13.4
001600,Queens,6.0
001800,Queens,10.3
001900,Queens,16.8
002000,Queens,17.6
002200,Queens,10.3
002400,Queens,3.8
002500,Queens,9.4
002600,Queens,7.2
002700,Queens,21.9
002800,Queens,11.8
002900,Queens,8.7
003000,Queens,19.8
003100,Queens,15.0
003200,Queens,13.1
003400,Queens,10.0
003500,Queens,0.0
003600,Queens,20.0
003700,Queens,0.0
003800,Queens,20.9
003900,Queens,17.1
004001,Queens,24.0
004002,Queens,16.2
004100,Queens,35.3
004200,Queens,12.9
004300,Queens,7.8
004401,Queens,14.9
004402,Queens,0.0
004500,Queens,10.8
004700,Queens,9.3
004900,Queens,18.3
005000,Queens,32.9
005100,Queens,7.7
005200,Queens,20.4
005300,Queens,15.2
005400,Queens,12.3
005500,Queens,18.4
005700,Queens,11.6
005800,Queens,9.2
005900,Queens,15.5
006100,Queens,12.4
006200,Queens,10.5
006300,Queens,17.6
006500,Queens,13.3
006700,Queens,5.3
006900,Queens,18.7
007100,Queens,14.6
007300,Queens,15.6
007500,Queens,7.3
007700,Queens,17.6
007900,Queens,7.2
008100,Queens,20.4
008300,Queens,14.6
008600,Queens,7.9
008700,Queens,2.1
008800,Queens,10.2
009100,Queens,14.2
009400,Queens,7.4
009500,Queens,9.6
009600,Queens,1.9
009700,Queens,16.0
009800,Queens,9.9
009900,Queens,0.0
010000,Queens,4.1
010100,Queens,11.7
010200,Queens,13.5
010300,Queens,7.9
010400,Queens,12.2
010500,Queens,6.1
010600,Queens,2.7
010700,Queens,0.0
010800,Queens,9.5
011000,Queens,4.7
011100,Queens,9.9
011200,Queens,4.8
011300,Queens,8.8
011400,Queens,1.3
011500,Queens,12.6
011600,Queens,1.3
011700,Queens,16.7
011800,Queens,13.2
011900,Queens,13.7
012000,Queens,4.8
012100,Queens,16.5
012200,Queens,16.2
012300,Queens,9.3
012400,Queens,6.7
012601,Queens,12.0
012602,Queens,10.2
012800,Queens,8.2
013000,Queens,20.6
013200,Queens,12.8
013400,Queens,12.2
013500,Queens,4.0
013600,Queens,11.0
013700,Queens,12.7
013800,Queens,15.2
014000,Queens,6.2
014100,Queens,14.8
014201,Queens,9.5
014202,Queens,17.8
014300,Queens,10.7
014400,Queens,11.9
014500,Queens,20.4
014700,Queens,9.3
014800,Queens,5.5
014900,Queens,8.1
015000,Queens,9.3
015100,Queens,10.1
015200,Queens,8.7
015300,Queens,22.0
015400,Queens,8.7
015500,Queens,19.3
015600,Queens,11.8
015700,Queens,11.9
015800,Queens,6.5
015900,Queens,13.8
016100,Queens,11.0
016300,Queens,3.4
016400,Queens,19.7
016600,Queens,17.7
016800,Queens,4.8
016900,Queens,15.9
017000,Queens,20.9
017100,Queens,0.0
017200,Queens,3.5
017400,Queens,15.9
017600,Queens,12.8
017800,Queens,20.0
017900,Queens,8.2
018000,Queens,7.4
018100,Queens,11.3
018200,Queens,5.9
018300,Queens,8.8
018401,Queens,2.1
018402,Queens,7.3
018500,Queens,16.3
018600,Queens,15.3
018700,Queens,13.4
018800,Queens,0.0
018900,Queens,13.6
019000,Queens,8.8
019100,Queens,66.4
019200,Queens,4.7
019401,Queens,3.8
019402,Queens,6.7
019600,Queens,15.1
019700,Queens,8.4
019800,Queens,12.3
020200,Queens,22.1
020400,Queens,3.9
020501,Queens,0.0
020502,Queens,10.8
020600,Queens,2.7
020800,Queens,5.3
021200,Queens,24.3
021400,Queens,6.4
021600,Queens,8.5
021900,Queens,0.0
022001,Queens,14.2
022002,Queens,15.2
022900,Queens,0.0
023000,Queens,5.8
023200,Queens,12.2
023500,Queens,11.9
023600,Queens,18.0
023800,Queens,5.5
024000,Queens,6.9
024300,Queens,12.0
024400,Queens,0.0
024500,Queens,3.5
024600,Queens,0.0
024700,Queens,13.8
024800,Queens,17.9
024900,Queens,19.1
025000,Queens,0.0
025100,Queens,10.4
025200,Queens,9.1
025300,Queens,13.0
025500,Queens,5.4
025700,Queens,8.9
025800,Queens,26.5
025900,Queens,11.0
026000,Queens,18.2
026100,Queens,7.1
026200,Queens,15.2
026300,Queens,15.9
026400,Queens,0.5
026500,Queens,12.0
026600,Queens,22.3
026700,Queens,9.1
026900,Queens,8.1
027000,Queens,2.6
027100,Queens,10.8
027200,Queens,20.2
027300,Queens,11.3
027400,Queens,10.0
027500,Queens,9.9
027600,Queens,34.1
027700,Queens,7.4
027800,Queens,5.7
027900,Queens,13.3
028000,Queens,19.6
028100,Queens,3.9
028200,Queens,11.6
028300,Queens,13.3
028400,Queens,5.2
028500,Queens,5.2
028700,Queens,11.5
028800,Queens,3.1
028900,Queens,12.1
029100,Queens,14.9
029200,Queens,11.0
029300,Queens,3.2
029500,Queens,15.4
029700,Queens,6.8
029900,Queens,0.0
030400,Queens,12.6
030901,Queens,10.5
030902,Queens,9.2
031700,Queens,8.8
032000,Queens,32.4
032700,Queens,16.4
032800,Queens,9.5
032900,Queens,16.4
033000,Queens,10.0
033100,Queens,0.0
033401,Queens,4.2
033402,Queens,10.6
033700,Queens,16.2
033900,Queens,18.1
034700,Queens,8.5
035100,Queens,15.0
035200,Queens,5.1
035300,Queens,12.6
035500,Queens,11.9
035800,Queens,8.9
036100,Queens,21.3
036300,Queens,11.0
036500,Queens,19.3
036600,Queens,10.3
036700,Queens,4.1
036800,Queens,16.7
036900,Queens,13.8
037100,Queens,7.9
037300,Queens,20.0
037500,Queens,14.6
037600,Queens,6.3
037700,Queens,12.0
037900,Queens,22.7
038100,Queens,16.4
038300,Queens,23.2
038400,Queens,5.8
039400,Queens,4.8
039800,Queens,9.8
039900,Queens,19.5
040000,Queens,0.6
040100,Queens,10.2
040200,Queens,16.8
040300,Queens,21.2
040400,Queens,12.3
040500,Queens,21.8
040700,Queens,20.7
040900,Queens,11.2
041000,Queens,41.7
041100,Queens,29.2
041300,Queens,13.2
041400,Queens,9.6
041500,Queens,11.9
042000,Queens,0.0
042200,Queens,18.3
042600,Queens,36.5
042700,Queens,15.8
043200,Queens,6.2
043400,Queens,13.0
043700,Queens,10.3
043900,Queens,17.5
044000,Queens,18.6
044200,Queens,6.5
044300,Queens,10.5
044601,Queens,8.5
044602,Queens,10.5
044800,Queens,2.3
045000,Queens,7.2
045200,Queens,24.8
045400,Queens,15.7
045500,Queens,4.0
045600,Queens,11.7
045700,Queens,9.0
045800,Queens,11.8
045900,Queens,9.9
046000,Queens,12.4
046100,Queens,12.5
046200,Queens,16.5
046300,Queens,10.2
046400,Queens,8.1
046500,Queens,8.2
046600,Queens,7.1
046700,Queens,5.6
046800,Queens,5.2
046900,Queens,5.8
047000,Queens,10.1
047100,Queens,16.1
047200,Queens,14.7
047300,Queens,10.0
047500,Queens,16.4
047600,Queens,0.0
047800,Queens,5.9
047900,Queens,6.2
048000,Queens,9.3
048100,Queens,8.5
048200,Queens,11.2
048300,Queens,13.5
048400,Queens,7.5
048500,Queens,7.5
048900,Queens,11.0
049200,Queens,13.5
049301,Queens,10.9
049302,Queens,13.0
049500,Queens,6.8
049600,Queens,7.0
049700,Queens,3.3
049900,Queens,6.2
050000,Queens,13.4
050201,Queens,12.1
050202,Queens,7.7
050400,Queens,4.7
050500,Queens,8.4
050600,Queens,16.9
050700,Queens,6.6
050800,Queens,5.3
051000,Queens,13.4
051100,Queens,7.9
051200,Queens,12.3
051300,Queens,8.0
051500,Queens,5.1
051600,Queens,14.8
051700,Queens,5.9
051800,Queens,16.9
052000,Queens,1.4
052100,Queens,9.4
052200,Queens,3.8
052400,Queens,5.0
052500,Queens,8.1
052600,Queens,12.0
052700,Queens,6.1
052800,Queens,9.2
052900,Queens,10.4
053000,Queens,4.6
053200,Queens,4.6
053400,Queens,2.6
053500,Queens,7.2
053600,Queens,8.5
053800,Queens,4.8
053900,Queens,10.0
054000,Queens,12.0
054200,Queens,8.5
054500,Queens,11.4
054700,Queens,5.5
054800,Queens,9.7
054900,Queens,10.5
055100,Queens,12.7
055200,Queens,7.8
055300,Queens,9.6
055400,Queens,14.7
055500,Queens,6.1
055600,Queens,9.7
055700,Queens,8.0
055800,Queens,5.8
055900,Queens,20.0
056000,Queens,9.1
056100,Queens,0.0
056200,Queens,8.3
056400,Queens,11.3
056500,Queens,33.1
056600,Queens,7.8
056700,Queens,7.1
056800,Queens,14.1
057700,Queens,10.4
057800,Queens,10.2
057900,Queens,21.2
058000,Queens,9.6
058100,Queens,7.6
058300,Queens,20.3
058500,Queens,6.6
058700,Queens,16.9
058800,Queens,5.6
058900,Queens,20.8
059000,Queens,4.8
059100,Queens,6.9
059200,Queens,22.6
059300,Queens,6.9
059400,Queens,6.1
059500,Queens,5.0
059600,Queens,8.8
059800,Queens,10.7
059900,Queens,7.0
060000,Queens,13.1
060100,Queens,6.4
060200,Queens,7.5
060300,Queens,6.6
060400,Queens,1.9
060600,Queens,3.2
060700,Queens,2.2
060800,Queens,10.0
061000,Queens,4.5
061200,Queens,8.3
061300,Queens,7.1
061400,Queens,13.0
061601,Queens,3.9
061602,Queens,5.9
061800,Queens,7.7
061900,Queens,10.7
062000,Queens,5.3
062100,Queens,12.0
062300,Queens,8.9
062400,Queens,2.5
062500,Queens,12.4
062600,Queens,8.8
062700,Queens,8.9
062900,Queens,4.4
063000,Queens,6.7
063200,Queens,11.0
063301,Queens,6.3
063302,Queens,7.7
063500,Queens,11.6
063700,Queens,11.3
063800,Queens,5.2
063900,Queens,10.6
064101,Queens,13.6
064102,Queens,5.5
064500,Queens,4.5
064600,Queens,7.2
065000,Queens,4.5
065400,Queens,14.4
065500,Queens,5.4
065600,Queens,9.0
065701,Queens,1.2
065702,Queens,5.8
065900,Queens,5.7
066000,Queens,7.8
066100,Queens,5.6
066300,Queens,8.8
066400,Queens,8.8
066500,Queens,8.9
066700,Queens,3.3
066900,Queens,15.2
067101,Queens,1.8
067102,Queens,1.9
067700,Queens,12.1
067900,Queens,12.5
068000,Queens,8.2
068200,Queens,2.8
068300,Queens,4.7
068700,Queens,8.7
069000,Queens,10.8
069300,Queens,10.4
069400,Queens,13.3
069500,Queens,13.9
069701,Queens,9.0
069702,Queens,11.9
070300,Queens,13.5
070700,Queens,3.8
070900,Queens,7.4
071100,Queens,14.9
071301,Queens,9.2
071302,Queens,18.4
071600,Queens,0.0
071700,Queens,10.6
071900,Queens,6.5
072100,Queens,9.8
072500,Queens,6.6
072700,Queens,7.6
072900,Queens,3.8
073100,Queens,7.4
073300,Queens,6.7
073500,Queens,2.7
073700,Queens,10.4
073900,Queens,13.9
074100,Queens,10.2
074300,Queens,7.1
074500,Queens,5.8
074700,Queens,10.7
075700,Queens,12.8
076600,Queens,40.8
076800,Queens,0.0
076901,Queens,10.2
076902,Queens,12.1
077100,Queens,0.0
077300,Queens,8.1
077500,Queens,14.8
077901,Queens,6.9
077902,Queens,5.6
077903,Queens,1.6
077904,Queens,12.9
077905,Queens,7.7
078800,Queens,16.1
079000,Queens,14.4
079200,Queens,5.4
079300,Queens,0.0
079700,Queens,9.1
079900,Queens,14.3
080301,Queens,11.6
080302,Queens,6.7
080900,Queens,8.1
081400,Queens,6.5
081800,Queens,12.8
083700,Queens,8.6
083800,Queens,8.6
084000,Queens,5.6
084500,Queens,11.8
084601,Queens,8.1
084602,Queens,6.6
085100,Queens,13.5
085300,Queens,11.1
085500,Queens,12.0
085700,Queens,10.3
085900,Queens,5.9
086100,Queens,10.9
086300,Queens,14.9
086400,Queens,23.3
086500,Queens,14.9
086700,Queens,21.7
087100,Queens,11.7
087500,Queens,0.0
088400,Queens,5.4
088901,Queens,10.9
088902,Queens,12.0
089200,Queens,2.4
090700,Queens,9.1
091601,Queens,7.4
091602,Queens,0.0
091800,Queens,0.0
091900,Queens,18.2
092200,Queens,5.8
092500,Queens,23.0
092800,Queens,7.6
092900,Queens,21.2
093400,Queens,8.0
093800,Queens,14.5
093900,Queens,15.6
094201,Queens,8.2
094202,Queens,11.8
094203,Queens,7.0
094500,Queens,5.4
094700,Queens,8.3
095200,Queens,10.3
096200,Queens,7.3
096400,Queens,20.9
097201,Queens,13.1
097202,Queens,36.3
097300,Queens,4.1
098100,Queens,11.7
098700,Queens,5.7
099100,Queens,7.4
099200,Queens,10.0
099701,Queens,4.5
099702,Queens,12.5
099800,Queens,12.4
099900,Queens,0.0
100800,Queens,6.4
101001,Queens,16.2
101002,Queens,4.5
101700,Queens,2.7
102900,Queens,4.9
103201,Queens,16.3
103202,Queens,12.0
103300,Queens,12.1
103900,Queens,7.4
104700,Queens,14.3
105900,Queens,4.7
107201,Queens,4.2
107202,Queens,0.0
108101,Queens,1.8
108102,Queens,2.8
108300,Queens,2.4
109100,Queens,10.9
109700,Queens,0.5
109900,Queens,11.5
111300,Queens,7.2
112300,Queens,18.5
112900,Queens,7.7
113300,Queens,1.1
113900,Queens,12.3
114100,Queens,0.9
114700,Queens,2.9
115100,Queens,2.0
115500,Queens,18.6
115700,Queens,8.5
115900,Queens,9.0
116100,Queens,22.5
116300,Queens,13.1
116700,Queens,18.9
117100,Queens,8.5
117500,Queens,9.0
118100,Queens,17.6
118500,Queens,7.5
118700,Queens,11.4
118900,Queens,6.3
119100,Queens,12.2
119300,Queens,9.4
119500,Queens,8.0
119900,Queens,2.2
120100,Queens,8.6
120300,Queens,6.3
120500,Queens,3.7
120700,Queens,6.1
121100,Queens,0.0
121500,Queens,7.9
122300,Queens,13.0
122701,Queens,13.5
122702,Queens,8.0
124100,Queens,11.7
124700,Queens,9.7
125700,Queens,13.9
126500,Queens,5.4
126700,Queens,19.3
127300,Queens,1.1
127500,Queens,11.1
128300,Queens,0.0
129101,Queens,11.7
129102,Queens,3.3
130100,Queens,3.0
131900,Queens,0.0
133300,Queens,5.2
133900,Queens,1.0
134100,Queens,6.8
134700,Queens,14.7
136700,Queens,12.6
137700,Queens,17.2
138501,Queens,10.3
138502,Queens,0.0
139900,Queens,4.7
140300,Queens,4.5
140901,Queens,0.0
140902,Queens,2.1
141701,Queens,7.3
141702,Queens,0.0
142900,Queens,3.8
143500,Queens,0.6
144100,Queens,7.7
144700,Queens,5.7
145101,Queens,6.4
145102,Queens,10.7
145900,Queens,2.0
146300,Queens,17.5
146700,Queens,13.3
147100,Queens,18.0
147900,Queens,13.6
148300,Queens,13.7
150701,Queens,6.6
150702,Queens,3.7
152901,Queens,11.1
152902,Queens,2.0
155101,Queens,8.2
155102,Queens,9.6
156700,Queens,55.3
157101,Queens,11.3
157102,Queens,2.1
157901,Queens,2.7
157902,Queens,4.7
157903,Queens,1.4
161700,Queens,6.2
162100,Queens,11.3
162200,Queens,0.0
000300,Richmond,25.3
000600,Richmond,5.2
000700,Richmond,16.8
000800,Richmond,4.8
000900,Richmond,10.0
001100,Richmond,11.7
001500,Richmond,9.7
001700,Richmond,2.0
001800,Richmond,25.3
002001,Richmond,2.9
002002,Richmond,3.1
002100,Richmond,6.8
002700,Richmond,21.3
002900,Richmond,7.7
003300,Richmond,16.9
003600,Richmond,6.2
003900,Richmond,35.8
004000,Richmond,3.4
004700,Richmond,16.7
005000,Richmond,1.1
005900,Richmond,8.7
006400,Richmond,1.2
006500,Richmond,5.4
007000,Richmond,12.2
007400,Richmond,2.0
007500,Richmond,9.9
007700,Richmond,6.0
008100,Richmond,17.6
008900,Richmond,0.0
009100,Richmond,12.0
009601,Richmond,10.9
009602,Richmond,4.5
009700,Richmond,4.6
010500,Richmond,16.9
011201,Richmond,5.4
011202,Richmond,3.2
011401,Richmond,8.2
011402,Richmond,6.2
012100,Richmond,5.9
012200,Richmond,1.0
012500,Richmond,1.1
012803,Richmond,8.7
012804,Richmond,4.3
013201,Richmond,2.7
013203,Richmond,4.0
013204,Richmond,5.8
013301,Richmond,3.3
013302,Richmond,6.0
013400,Richmond,6.2
013800,Richmond,8.1
014100,Richmond,5.0
014603,Richmond,5.3
014604,Richmond,6.3
014605,Richmond,10.9
014606,Richmond,7.9
014700,Richmond,4.5
015100,Richmond,3.4
015400,Richmond,0.0
015601,Richmond,3.9
015602,Richmond,2.9
015603,Richmond,4.7
016901,Richmond,9.7
016902,Richmond,11.2
017005,Richmond,3.7
017006,Richmond,5.6
017007,Richmond,14.3
017008,Richmond,2.0
017009,Richmond,3.7
017010,Richmond,5.0
017300,Richmond,7.6
017600,Richmond,3.7
017700,Richmond,3.2
017900,Richmond,3.1
018500,Richmond,30.5
018701,Richmond,11.6
018702,Richmond,13.5
018901,Richmond,7.8
018902,Richmond,6.8
019600,Richmond,11.2
019700,Richmond,1.2
020100,Richmond,8.7
020700,Richmond,8.3
020801,Richmond,4.0
020803,Richmond,6.1
020804,Richmond,8.2
021300,Richmond,8.1
021900,Richmond,16.9
022300,Richmond,13.2
022600,Richmond,13.7
023100,Richmond,14.9
023600,Richmond,0.0
023900,Richmond,6.4
024400,Richmond,4.2
024700,Richmond,3.6
024800,Richmond,12.9
025100,Richmond,3.1
027301,Richmond,1.6
027302,Richmond,3.1
027702,Richmond,14.6
027703,Richmond,13.4
027704,Richmond,8.0
027900,Richmond,8.4
029102,Richmond,1.5
029103,Richmond,7.3
029104,Richmond,5.4
030301,Richmond,11.1
030302,Richmond,5.5
031901,Richmond,13.2
031902,Richmond,5.0
032300,Richmond,23.3
